,,,,,,,,,,
,수집카테고리,필터이름,URL,수집상품 개수,필터 누적 매출금액,,사업자명,수집사이트,총 상품개수,매출합계
,헤드폰,TNS 솔루션- 11번가 아마존-헤드폰,https://www.11st.co.kr/amazon/category?dispCtgr3No=1149764&benefit=MBSHP_PRD&benefit=NON_MBSHP_FREE_DLV,,,,TNS 솔루션, 11번가 아마존,0,
,스피커/앰프,TNS 솔루션- 11번가 아마존-스피커/앰프,https://www.11st.co.kr/amazon/category?dispCtgr3No=1153940&benefit=MBSHP_PRD&benefit=NON_MBSHP_FREE_DLV,,,,,,,
,이어폰,TNS 솔루션- 11번가 아마존-이어폰,https://www.11st.co.kr/amazon/category?dispCtgr3No=1153981&benefit=MBSHP_PRD&benefit=NON_MBSHP_FREE_DLV,,,,분홍색으로 색칠된 칸은 별도의 값 입력 하지 않습니다.,,,
,온풍기,TNS 솔루션- 11번가 아마존-온풍기,https://www.11st.co.kr/amazon/category?dispCtgr3No=1150001&benefit=MBSHP_PRD&benefit=NON_MBSHP_FREE_DLV,,,,"식품, 화장품, 영유아 관련용품, 식기류, 생활화학 제품, 애완동물 용품(샴푸, 사료, 귀 세정제 등), 초소형카메라, 레이저, 도서 상품 수집 금지",,,
,전기매트,TNS 솔루션- 11번가 아마존-전기매트,https://www.11st.co.kr/amazon/category?dispCtgr3No=1150004&benefit=MBSHP_PRD&benefit=NON_MBSHP_FREE_DLV,,,,,,,
,사운드카드,TNS 솔루션- 11번가 아마존-사운드카드,https://www.11st.co.kr/amazon/category?dispCtgr3No=1150377&benefit=MBSHP_PRD&benefit=NON_MBSHP_FREE_DLV,,,,,,,
,전동 공구,TNS 솔루션- 11번가 아마존-전동 공구,https://www.11st.co.kr/amazon/category?dispCtgr3No=1151080&benefit=MBSHP_PRD&benefit=NON_MBSHP_FREE_DLV,,,,,,,
,차량용 음향기기,TNS 솔루션- 11번가 아마존-차량용 음향기기,https://www.11st.co.kr/amazon/category?dispCtgr3No=1151060&benefit=MBSHP_PRD&benefit=NON_MBSHP_FREE_DLV,,,,,,,
,차량 가전 용품,TNS 솔루션- 11번가 아마존-차량 가전 용품,https://www.11st.co.kr/amazon/category?dispCtgr3No=1151059&benefit=MBSHP_PRD&benefit=NON_MBSHP_FREE_DLV,,,,,,,
,후방카메라/감지기,TNS 솔루션- 11번가 아마존-후방카메라/감지기,https://www.11st.co.kr/amazon/category?dispCtgr3No=1151061&benefit=MBSHP_PRD&benefit=NON_MBSHP_FREE_DLV,,,,,,,
,,,,,,,,,,
,,,,,,,,,,
,,TNS 솔루션- 11번가 아마존-,,,,,,,,
,,TNS 솔루션- 11번가 아마존-,,,,,,,,
,,TNS 솔루션- 11번가 아마존-,,,,,,,,
,,TNS 솔루션- 11번가 아마존-,,,,,,,,
,,TNS 솔루션- 11번가 아마존-,,,,,,,,
,,TNS 솔루션- 11번가 아마존-,,,,,,,,
,,TNS 솔루션- 11번가 아마존-,,,,,,,,
,,TNS 솔루션- 11번가 아마존-,,,,,,,,
,,TNS 솔루션- 11번가 아마존-,,,,,,,,
,,TNS 솔루션- 11번가 아마존-,,,,,,,,
,,TNS 솔루션- 11번가 아마존-,,,,,,,,
,,TNS 솔루션- 11번가 아마존-,,,,,,,,
,,TNS 솔루션- 11번가 아마존-,,,,,,,,
,,TNS 솔루션- 11번가 아마존-,,,,,,,,
,,TNS 솔루션- 11번가 아마존-,,,,,,,,
,,TNS 솔루션- 11번가 아마존-,,,,,,,,
,,TNS 솔루션- 11번가 아마존-,,,,,,,,
,,TNS 솔루션- 11번가 아마존-,,,,,,,,
,,TNS 솔루션- 11번가 아마존-,,,,,,,,
,,TNS 솔루션- 11번가 아마존-,,,,,,,,
,,TNS 솔루션- 11번가 아마존-,,,,,,,,
,,TNS 솔루션- 11번가 아마존-,,,,,,,,
,,TNS 솔루션- 11번가 아마존-,,,,,,,,
,,TNS 솔루션- 11번가 아마존-,,,,,,,,
,,TNS 솔루션- 11번가 아마존-,,,,,,,,
,,TNS 솔루션- 11번가 아마존-,,,,,,,,
,,TNS 솔루션- 11번가 아마존-,,,,,,,,
,,TNS 솔루션- 11번가 아마존-,,,,,,,,
,,TNS 솔루션- 11번가 아마존-,,,,,,,,
,,TNS 솔루션- 11번가 아마존-,,,,,,,,
,,TNS 솔루션- 11번가 아마존-,,,,,,,,
,,TNS 솔루션- 11번가 아마존-,,,,,,,,
,,TNS 솔루션- 11번가 아마존-,,,,,,,,
,,TNS 솔루션- 11번가 아마존-,,,,,,,,
,,TNS 솔루션- 11번가 아마존-,,,,,,,,
,,TNS 솔루션- 11번가 아마존-,,,,,,,,
,,TNS 솔루션- 11번가 아마존-,,,,,,,,
,,TNS 솔루션- 11번가 아마존-,,,,,,,,
,,TNS 솔루션- 11번가 아마존-,,,,,,,,
,,TNS 솔루션- 11번가 아마존-,,,,,,,,
,,TNS 솔루션- 11번가 아마존-,,,,,,,,
,,TNS 솔루션- 11번가 아마존-,,,,,,,,
,,TNS 솔루션- 11번가 아마존-,,,,,,,,
,,TNS 솔루션- 11번가 아마존-,,,,,,,,
,,TNS 솔루션- 11번가 아마존-,,,,,,,,
,,TNS 솔루션- 11번가 아마존-,,,,,,,,
,,TNS 솔루션- 11번가 아마존-,,,,,,,,
,,TNS 솔루션- 11번가 아마존-,,,,,,,,
,,TNS 솔루션- 11번가 아마존-,,,,,,,,
,,TNS 솔루션- 11번가 아마존-,,,,,,,,
,,TNS 솔루션- 11번가 아마존-,,,,,,,,
,,TNS 솔루션- 11번가 아마존-,,,,,,,,
,,TNS 솔루션- 11번가 아마존-,,,,,,,,
,,TNS 솔루션- 11번가 아마존-,,,,,,,,
,,TNS 솔루션- 11번가 아마존-,,,,,,,,
,,TNS 솔루션- 11번가 아마존-,,,,,,,,
,,TNS 솔루션- 11번가 아마존-,,,,,,,,
,,TNS 솔루션- 11번가 아마존-,,,,,,,,
,,TNS 솔루션- 11번가 아마존-,,,,,,,,
,,TNS 솔루션- 11번가 아마존-,,,,,,,,
,,TNS 솔루션- 11번가 아마존-,,,,,,,,
,,TNS 솔루션- 11번가 아마존-,,,,,,,,
,,TNS 솔루션- 11번가 아마존-,,,,,,,,
,,TNS 솔루션- 11번가 아마존-,,,,,,,,
,,TNS 솔루션- 11번가 아마존-,,,,,,,,
,,TNS 솔루션- 11번가 아마존-,,,,,,,,
,,TNS 솔루션- 11번가 아마존-,,,,,,,,
,,TNS 솔루션- 11번가 아마존-,,,,,,,,
,,TNS 솔루션- 11번가 아마존-,,,,,,,,
,,TNS 솔루션- 11번가 아마존-,,,,,,,,
,,TNS 솔루션- 11번가 아마존-,,,,,,,,
,,TNS 솔루션- 11번가 아마존-,,,,,,,,
,,TNS 솔루션- 11번가 아마존-,,,,,,,,
,,TNS 솔루션- 11번가 아마존-,,,,,,,,
,,TNS 솔루션- 11번가 아마존-,,,,,,,,
,,TNS 솔루션- 11번가 아마존-,,,,,,,,
,,TNS 솔루션- 11번가 아마존-,,,,,,,,
,,TNS 솔루션- 11번가 아마존-,,,,,,,,
,,TNS 솔루션- 11번가 아마존-,,,,,,,,
,,TNS 솔루션- 11번가 아마존-,,,,,,,,
,,TNS 솔루션- 11번가 아마존-,,,,,,,,
,,TNS 솔루션- 11번가 아마존-,,,,,,,,
,,TNS 솔루션- 11번가 아마존-,,,,,,,,
,,TNS 솔루션- 11번가 아마존-,,,,,,,,
,,TNS 솔루션- 11번가 아마존-,,,,,,,,
,,TNS 솔루션- 11번가 아마존-,,,,,,,,
,,TNS 솔루션- 11번가 아마존-,,,,,,,,
,,TNS 솔루션- 11번가 아마존-,,,,,,,,
,,TNS 솔루션- 11번가 아마존-,,,,,,,,
,,TNS 솔루션- 11번가 아마존-,,,,,,,,
,,TNS 솔루션- 11번가 아마존-,,,,,,,,
,,TNS 솔루션- 11번가 아마존-,,,,,,,,
,,TNS 솔루션- 11번가 아마존-,,,,,,,,
,,TNS 솔루션- 11번가 아마존-,,,,,,,,
,,TNS 솔루션- 11번가 아마존-,,,,,,,,
,,TNS 솔루션- 11번가 아마존-,,,,,,,,
,,TNS 솔루션- 11번가 아마존-,,,,,,,,
,,TNS 솔루션- 11번가 아마존-,,,,,,,,
,,TNS 솔루션- 11번가 아마존-,,,,,,,,
,,TNS 솔루션- 11번가 아마존-,,,,,,,,
,,TNS 솔루션- 11번가 아마존-,,,,,,,,
,,TNS 솔루션- 11번가 아마존-,,,,,,,,
,,TNS 솔루션- 11번가 아마존-,,,,,,,,
,,TNS 솔루션- 11번가 아마존-,,,,,,,,
,,TNS 솔루션- 11번가 아마존-,,,,,,,,
,,TNS 솔루션- 11번가 아마존-,,,,,,,,
,,TNS 솔루션- 11번가 아마존-,,,,,,,,
,,TNS 솔루션- 11번가 아마존-,,,,,,,,
,,TNS 솔루션- 11번가 아마존-,,,,,,,,
,,TNS 솔루션- 11번가 아마존-,,,,,,,,
,,TNS 솔루션- 11번가 아마존-,,,,,,,,
,,TNS 솔루션- 11번가 아마존-,,,,,,,,
,,TNS 솔루션- 11번가 아마존-,,,,,,,,
,,TNS 솔루션- 11번가 아마존-,,,,,,,,
,,TNS 솔루션- 11번가 아마존-,,,,,,,,
,,TNS 솔루션- 11번가 아마존-,,,,,,,,
,,TNS 솔루션- 11번가 아마존-,,,,,,,,
,,TNS 솔루션- 11번가 아마존-,,,,,,,,
,,TNS 솔루션- 11번가 아마존-,,,,,,,,
,,TNS 솔루션- 11번가 아마존-,,,,,,,,
,,TNS 솔루션- 11번가 아마존-,,,,,,,,
,,TNS 솔루션- 11번가 아마존-,,,,,,,,
,,TNS 솔루션- 11번가 아마존-,,,,,,,,
,,TNS 솔루션- 11번가 아마존-,,,,,,,,
,,TNS 솔루션- 11번가 아마존-,,,,,,,,
,,TNS 솔루션- 11번가 아마존-,,,,,,,,
,,TNS 솔루션- 11번가 아마존-,,,,,,,,
,,TNS 솔루션- 11번가 아마존-,,,,,,,,
,,TNS 솔루션- 11번가 아마존-,,,,,,,,
,,TNS 솔루션- 11번가 아마존-,,,,,,,,
,,TNS 솔루션- 11번가 아마존-,,,,,,,,
,,TNS 솔루션- 11번가 아마존-,,,,,,,,
,,TNS 솔루션- 11번가 아마존-,,,,,,,,
,,TNS 솔루션- 11번가 아마존-,,,,,,,,
,,TNS 솔루션- 11번가 아마존-,,,,,,,,
,,TNS 솔루션- 11번가 아마존-,,,,,,,,
,,TNS 솔루션- 11번가 아마존-,,,,,,,,
,,TNS 솔루션- 11번가 아마존-,,,,,,,,
,,TNS 솔루션- 11번가 아마존-,,,,,,,,
,,TNS 솔루션- 11번가 아마존-,,,,,,,,
,,TNS 솔루션- 11번가 아마존-,,,,,,,,
,,TNS 솔루션- 11번가 아마존-,,,,,,,,
,,TNS 솔루션- 11번가 아마존-,,,,,,,,
,,TNS 솔루션- 11번가 아마존-,,,,,,,,
,,TNS 솔루션- 11번가 아마존-,,,,,,,,
,,TNS 솔루션- 11번가 아마존-,,,,,,,,
,,TNS 솔루션- 11번가 아마존-,,,,,,,,
,,TNS 솔루션- 11번가 아마존-,,,,,,,,
,,TNS 솔루션- 11번가 아마존-,,,,,,,,
,,TNS 솔루션- 11번가 아마존-,,,,,,,,
,,TNS 솔루션- 11번가 아마존-,,,,,,,,
,,TNS 솔루션- 11번가 아마존-,,,,,,,,
,,TNS 솔루션- 11번가 아마존-,,,,,,,,
,,TNS 솔루션- 11번가 아마존-,,,,,,,,
,,TNS 솔루션- 11번가 아마존-,,,,,,,,
,,TNS 솔루션- 11번가 아마존-,,,,,,,,
,,TNS 솔루션- 11번가 아마존-,,,,,,,,
,,TNS 솔루션- 11번가 아마존-,,,,,,,,
,,TNS 솔루션- 11번가 아마존-,,,,,,,,
,,TNS 솔루션- 11번가 아마존-,,,,,,,,
,,TNS 솔루션- 11번가 아마존-,,,,,,,,
,,TNS 솔루션- 11번가 아마존-,,,,,,,,
,,TNS 솔루션- 11번가 아마존-,,,,,,,,
,,TNS 솔루션- 11번가 아마존-,,,,,,,,
,,TNS 솔루션- 11번가 아마존-,,,,,,,,
,,TNS 솔루션- 11번가 아마존-,,,,,,,,
,,TNS 솔루션- 11번가 아마존-,,,,,,,,
,,TNS 솔루션- 11번가 아마존-,,,,,,,,
,,TNS 솔루션- 11번가 아마존-,,,,,,,,
,,TNS 솔루션- 11번가 아마존-,,,,,,,,
,,TNS 솔루션- 11번가 아마존-,,,,,,,,
,,TNS 솔루션- 11번가 아마존-,,,,,,,,
,,TNS 솔루션- 11번가 아마존-,,,,,,,,
,,TNS 솔루션- 11번가 아마존-,,,,,,,,
,,TNS 솔루션- 11번가 아마존-,,,,,,,,
,,TNS 솔루션- 11번가 아마존-,,,,,,,,
,,TNS 솔루션- 11번가 아마존-,,,,,,,,
,,TNS 솔루션- 11번가 아마존-,,,,,,,,
,,TNS 솔루션- 11번가 아마존-,,,,,,,,
,,TNS 솔루션- 11번가 아마존-,,,,,,,,
,,TNS 솔루션- 11번가 아마존-,,,,,,,,
,,TNS 솔루션- 11번가 아마존-,,,,,,,,
,,TNS 솔루션- 11번가 아마존-,,,,,,,,
,,TNS 솔루션- 11번가 아마존-,,,,,,,,
,,TNS 솔루션- 11번가 아마존-,,,,,,,,
,,TNS 솔루션- 11번가 아마존-,,,,,,,,
,,TNS 솔루션- 11번가 아마존-,,,,,,,,
,,TNS 솔루션- 11번가 아마존-,,,,,,,,
,,TNS 솔루션- 11번가 아마존-,,,,,,,,
,,TNS 솔루션- 11번가 아마존-,,,,,,,,
,,TNS 솔루션- 11번가 아마존-,,,,,,,,
,,TNS 솔루션- 11번가 아마존-,,,,,,,,
,,TNS 솔루션- 11번가 아마존-,,,,,,,,
,,TNS 솔루션- 11번가 아마존-,,,,,,,,
,,TNS 솔루션- 11번가 아마존-,,,,,,,,
,,TNS 솔루션- 11번가 아마존-,,,,,,,,
,,TNS 솔루션- 11번가 아마존-,,,,,,,,
,,TNS 솔루션- 11번가 아마존-,,,,,,,,
,,TNS 솔루션- 11번가 아마존-,,,,,,,,
,,TNS 솔루션- 11번가 아마존-,,,,,,,,
,,TNS 솔루션- 11번가 아마존-,,,,,,,,
,,TNS 솔루션- 11번가 아마존-,,,,,,,,
,,TNS 솔루션- 11번가 아마존-,,,,,,,,
,,TNS 솔루션- 11번가 아마존-,,,,,,,,
,,TNS 솔루션- 11번가 아마존-,,,,,,,,
,,TNS 솔루션- 11번가 아마존-,,,,,,,,
,,TNS 솔루션- 11번가 아마존-,,,,,,,,
,,TNS 솔루션- 11번가 아마존-,,,,,,,,
,,TNS 솔루션- 11번가 아마존-,,,,,,,,
,,TNS 솔루션- 11번가 아마존-,,,,,,,,
,,TNS 솔루션- 11번가 아마존-,,,,,,,,
,,TNS 솔루션- 11번가 아마존-,,,,,,,,
,,TNS 솔루션- 11번가 아마존-,,,,,,,,
,,TNS 솔루션- 11번가 아마존-,,,,,,,,
,,TNS 솔루션- 11번가 아마존-,,,,,,,,
,,TNS 솔루션- 11번가 아마존-,,,,,,,,
,,TNS 솔루션- 11번가 아마존-,,,,,,,,
,,TNS 솔루션- 11번가 아마존-,,,,,,,,
,,TNS 솔루션- 11번가 아마존-,,,,,,,,
,,TNS 솔루션- 11번가 아마존-,,,,,,,,
,,TNS 솔루션- 11번가 아마존-,,,,,,,,
,,TNS 솔루션- 11번가 아마존-,,,,,,,,
,,TNS 솔루션- 11번가 아마존-,,,,,,,,
,,TNS 솔루션- 11번가 아마존-,,,,,,,,
,,TNS 솔루션- 11번가 아마존-,,,,,,,,
,,TNS 솔루션- 11번가 아마존-,,,,,,,,
,,TNS 솔루션- 11번가 아마존-,,,,,,,,
,,TNS 솔루션- 11번가 아마존-,,,,,,,,
,,TNS 솔루션- 11번가 아마존-,,,,,,,,
,,TNS 솔루션- 11번가 아마존-,,,,,,,,
,,TNS 솔루션- 11번가 아마존-,,,,,,,,
,,TNS 솔루션- 11번가 아마존-,,,,,,,,
,,TNS 솔루션- 11번가 아마존-,,,,,,,,
,,TNS 솔루션- 11번가 아마존-,,,,,,,,
,,TNS 솔루션- 11번가 아마존-,,,,,,,,
,,TNS 솔루션- 11번가 아마존-,,,,,,,,
,,TNS 솔루션- 11번가 아마존-,,,,,,,,
,,TNS 솔루션- 11번가 아마존-,,,,,,,,
,,TNS 솔루션- 11번가 아마존-,,,,,,,,
,,TNS 솔루션- 11번가 아마존-,,,,,,,,
,,TNS 솔루션- 11번가 아마존-,,,,,,,,
,,TNS 솔루션- 11번가 아마존-,,,,,,,,
,,TNS 솔루션- 11번가 아마존-,,,,,,,,
,,TNS 솔루션- 11번가 아마존-,,,,,,,,
,,TNS 솔루션- 11번가 아마존-,,,,,,,,
,,TNS 솔루션- 11번가 아마존-,,,,,,,,
,,TNS 솔루션- 11번가 아마존-,,,,,,,,
,,TNS 솔루션- 11번가 아마존-,,,,,,,,
,,TNS 솔루션- 11번가 아마존-,,,,,,,,
,,TNS 솔루션- 11번가 아마존-,,,,,,,,
,,TNS 솔루션- 11번가 아마존-,,,,,,,,
,,TNS 솔루션- 11번가 아마존-,,,,,,,,
,,TNS 솔루션- 11번가 아마존-,,,,,,,,
,,TNS 솔루션- 11번가 아마존-,,,,,,,,
,,TNS 솔루션- 11번가 아마존-,,,,,,,,
,,TNS 솔루션- 11번가 아마존-,,,,,,,,
,,TNS 솔루션- 11번가 아마존-,,,,,,,,
,,TNS 솔루션- 11번가 아마존-,,,,,,,,
,,TNS 솔루션- 11번가 아마존-,,,,,,,,
,,TNS 솔루션- 11번가 아마존-,,,,,,,,
,,TNS 솔루션- 11번가 아마존-,,,,,,,,
,,TNS 솔루션- 11번가 아마존-,,,,,,,,
,,TNS 솔루션- 11번가 아마존-,,,,,,,,
,,TNS 솔루션- 11번가 아마존-,,,,,,,,
,,TNS 솔루션- 11번가 아마존-,,,,,,,,
,,TNS 솔루션- 11번가 아마존-,,,,,,,,
,,TNS 솔루션- 11번가 아마존-,,,,,,,,
,,TNS 솔루션- 11번가 아마존-,,,,,,,,
,,TNS 솔루션- 11번가 아마존-,,,,,,,,
,,TNS 솔루션- 11번가 아마존-,,,,,,,,
,,TNS 솔루션- 11번가 아마존-,,,,,,,,
,,TNS 솔루션- 11번가 아마존-,,,,,,,,
,,TNS 솔루션- 11번가 아마존-,,,,,,,,
,,TNS 솔루션- 11번가 아마존-,,,,,,,,
,,TNS 솔루션- 11번가 아마존-,,,,,,,,
,,TNS 솔루션- 11번가 아마존-,,,,,,,,
,,TNS 솔루션- 11번가 아마존-,,,,,,,,
,,TNS 솔루션- 11번가 아마존-,,,,,,,,
,,TNS 솔루션- 11번가 아마존-,,,,,,,,
,,TNS 솔루션- 11번가 아마존-,,,,,,,,
,,TNS 솔루션- 11번가 아마존-,,,,,,,,
,,TNS 솔루션- 11번가 아마존-,,,,,,,,
,,TNS 솔루션- 11번가 아마존-,,,,,,,,
,,TNS 솔루션- 11번가 아마존-,,,,,,,,
,,TNS 솔루션- 11번가 아마존-,,,,,,,,
,,TNS 솔루션- 11번가 아마존-,,,,,,,,
,,TNS 솔루션- 11번가 아마존-,,,,,,,,
,,TNS 솔루션- 11번가 아마존-,,,,,,,,
,,TNS 솔루션- 11번가 아마존-,,,,,,,,
,,TNS 솔루션- 11번가 아마존-,,,,,,,,
,,TNS 솔루션- 11번가 아마존-,,,,,,,,
,,TNS 솔루션- 11번가 아마존-,,,,,,,,
,,TNS 솔루션- 11번가 아마존-,,,,,,,,
,,TNS 솔루션- 11번가 아마존-,,,,,,,,
,,TNS 솔루션- 11번가 아마존-,,,,,,,,
,,TNS 솔루션- 11번가 아마존-,,,,,,,,
,,TNS 솔루션- 11번가 아마존-,,,,,,,,
,,TNS 솔루션- 11번가 아마존-,,,,,,,,
,,TNS 솔루션- 11번가 아마존-,,,,,,,,
,,TNS 솔루션- 11번가 아마존-,,,,,,,,
,,TNS 솔루션- 11번가 아마존-,,,,,,,,
,,TNS 솔루션- 11번가 아마존-,,,,,,,,
,,TNS 솔루션- 11번가 아마존-,,,,,,,,
,,TNS 솔루션- 11번가 아마존-,,,,,,,,
,,TNS 솔루션- 11번가 아마존-,,,,,,,,
,,TNS 솔루션- 11번가 아마존-,,,,,,,,
,,TNS 솔루션- 11번가 아마존-,,,,,,,,
,,TNS 솔루션- 11번가 아마존-,,,,,,,,
,,TNS 솔루션- 11번가 아마존-,,,,,,,,
,,TNS 솔루션- 11번가 아마존-,,,,,,,,
,,TNS 솔루션- 11번가 아마존-,,,,,,,,
,,TNS 솔루션- 11번가 아마존-,,,,,,,,
,,TNS 솔루션- 11번가 아마존-,,,,,,,,
,,TNS 솔루션- 11번가 아마존-,,,,,,,,
,,TNS 솔루션- 11번가 아마존-,,,,,,,,
,,TNS 솔루션- 11번가 아마존-,,,,,,,,
,,TNS 솔루션- 11번가 아마존-,,,,,,,,
,,TNS 솔루션- 11번가 아마존-,,,,,,,,
,,TNS 솔루션- 11번가 아마존-,,,,,,,,
,,TNS 솔루션- 11번가 아마존-,,,,,,,,
,,TNS 솔루션- 11번가 아마존-,,,,,,,,
,,TNS 솔루션- 11번가 아마존-,,,,,,,,
,,TNS 솔루션- 11번가 아마존-,,,,,,,,
,,TNS 솔루션- 11번가 아마존-,,,,,,,,
,,TNS 솔루션- 11번가 아마존-,,,,,,,,
,,TNS 솔루션- 11번가 아마존-,,,,,,,,
,,TNS 솔루션- 11번가 아마존-,,,,,,,,
,,TNS 솔루션- 11번가 아마존-,,,,,,,,
,,TNS 솔루션- 11번가 아마존-,,,,,,,,
,,TNS 솔루션- 11번가 아마존-,,,,,,,,
,,TNS 솔루션- 11번가 아마존-,,,,,,,,
,,TNS 솔루션- 11번가 아마존-,,,,,,,,
,,TNS 솔루션- 11번가 아마존-,,,,,,,,
,,TNS 솔루션- 11번가 아마존-,,,,,,,,
,,TNS 솔루션- 11번가 아마존-,,,,,,,,
,,TNS 솔루션- 11번가 아마존-,,,,,,,,
,,TNS 솔루션- 11번가 아마존-,,,,,,,,
,,TNS 솔루션- 11번가 아마존-,,,,,,,,
,,TNS 솔루션- 11번가 아마존-,,,,,,,,
,,TNS 솔루션- 11번가 아마존-,,,,,,,,
,,TNS 솔루션- 11번가 아마존-,,,,,,,,
,,TNS 솔루션- 11번가 아마존-,,,,,,,,
,,TNS 솔루션- 11번가 아마존-,,,,,,,,
,,TNS 솔루션- 11번가 아마존-,,,,,,,,
,,TNS 솔루션- 11번가 아마존-,,,,,,,,
,,TNS 솔루션- 11번가 아마존-,,,,,,,,
,,TNS 솔루션- 11번가 아마존-,,,,,,,,
,,TNS 솔루션- 11번가 아마존-,,,,,,,,
,,TNS 솔루션- 11번가 아마존-,,,,,,,,
,,TNS 솔루션- 11번가 아마존-,,,,,,,,
,,TNS 솔루션- 11번가 아마존-,,,,,,,,